"リファクタリング - Java","メソッドの抽出","Alt+Shift+M","ウィンドウ"
"ウィンドウ","エディターをアクティブにする","F12","ウィンドウ"
"ナビゲート","対応する大括弧にジャンプ","Ctrl+Shift+P","JavaScript ソースの編集中"
"Changelog","コミット準備","Ctrl+Alt+V","テキストの編集"
"ビュー","ビューの表示 (アウトライン)","Alt+Shift+Q, O","ウィンドウ"
"ファイル","すべて保管","Ctrl+Shift+S","ウィンドウ"
"ウィンドウ","前のビュー","Ctrl+Shift+F7","ウィンドウ"
"実行/デバッグ","前のメモリー・ページ","Ctrl+Shift+,","テーブル・メモリー・レンダリング内"
"タスク・リポジトリー","タスクを未完了としてマーク","Alt+Shift+I","タスク・ビュー"
"AnyEdit ツール","カーソルの下のファイルを開く","Ctrl+Alt+R","テキストの編集"
"Web ページ・エディター・レイアウト","グラフィカル・デザイナー","Ctrl+Shift+F11","Web ページ・エディターの使用"
"pepticcategory","メソッドの抽出...","Alt+Shift+T, E","Pydev エディター・スコープ"
"UML2 Sequence Diagram Viewer Commands","Show node end","Alt+Shift+End","UML2 シーケンス図ビューアー"
"ソース","コメントの切り替え","Ctrl+/","Java ソースの編集"
"編集","前を検索","Ctrl+Shift+K","テキストの編集"
"Web ページ・エディター・レイアウト","垂直レイアウト","Ctrl+Shift+F9","Web ページ・エディターの使用"
"カテゴリーなし","コピー","Ctrl+C","In Git Reflog View"
"タスク・リポジトリー","選択したタスクを開く","Ctrl+Enter","タスク・ビュー"
"テキスト編集","行の末尾","End","テキストの編集"
"ナビゲート","前ページ","Ctrl+Shift+F5","In Faces Config Editor"
"ナビゲート","型階層を開く","F4","C/C++ エディター"
"pepticcategory","名前変更...","Alt+Shift+R","Pydev エディター・スコープ"
"リファクタリング - Java","ローカル変数の抽出","Alt+Shift+L","ウィンドウ"
"Changelog","Insert ChangeLog entry","Ctrl+Alt+C","テキストの編集"
"ソース","インデントの訂正","Ctrl+I","Java ソースの編集"
"編集","エンクロージング要素の選択","Alt+Shift+Up","JavaScript ソースの編集中"
"編集","インクリメンタル検索","Ctrl+J","テキストの編集"
"PyDev - エディター","Python インポートの編成","Ctrl+Shift+O","Pydev エディター・スコープ"
"テキスト編集","行の末尾まで選択","Shift+End","テキストの編集"
"実行/デバッグ","選択項目にステップイン","Ctrl+F5","デバッグ"
"C/C++ ソース","ブロック・コメントの追加","Ctrl+Shift+/","C/C++ エディター"
"実行/デバッグ","Run RWT Application","Alt+Shift+X, 3","ウィンドウ"
"編集","ブロック選択の切り替え","Alt+Shift+A","テキストの編集"
"編集","エンクロージング要素の選択","Alt+Shift+Up","構造化テキスト・エディターで編集"
"実行/デバッグ","JUnit テストのデバッグ","Alt+Shift+D, T","ウィンドウ"
"リファクタリング - Java","移動 - リファクタリング ","Alt+Shift+V","ウィンドウ"
"ソース","クイック・アシスト - ローカル変数への代入","Ctrl+2, L","JavaScript ソースの編集中"
"ソース","インポートの編成","Ctrl+Shift+O","JavaScript ビュー"
"実行/デバッグ","すべてのインスタンス","Ctrl+Shift+N","ウィンドウ"
"実行/デバッグ","表示","Ctrl+Shift+D","スクリプトのデバッグ中"
"編集","フォーマット","Ctrl+Shift+F","構造化テキスト・エディターで編集"
"C/C++ ソース","ソース/ヘッダーの切り替え","Ctrl+Tab","C/C++ エディター"
"実行/デバッグ","新規レンダリング","Ctrl+N","メモリー・ビュー内"
"タスク・リポジトリー","新規サブタスク","Shift+Insert","タスク・ビュー"
"実行/デバッグ","ステップ・オーバー","F6","デバッグ"
"テキスト編集","行の先頭まで選択","Shift+Home","テキストの編集"
"ソース","クイック・アシスト - ローカル変数への代入","Ctrl+2, L","Java ソースの編集"
"テキスト編集","前の単語を選択","Ctrl+Shift+Left","テキストの編集"
"ファイル","新規","Ctrl+N","DLTK View"
"PyDev - エディター","Python Show Global Tokens (グローバル)","Ctrl+Shift+T","PyDev view"
"テキスト編集","構造のリセット","Ctrl+Shift+Numpad_Multiply","テキストの編集"
"サーバー","公開","Ctrl+Alt+P","サーバー・ビュー"
"ソース","フォーマット","Ctrl+Shift+F","Java ソースの編集"
"AnyEdit ツール","カーソルの下の型を開く","Ctrl+Alt+T","テキストの編集"
"C/C++ ソース","参照","Ctrl+Shift+G","C/C++ エディター"
"ASA 9.x table schema editor","切り取り","Alt+X","ウィンドウ"
"テキスト編集","行の先頭","Home","テキストの編集"
"ビュー","ビューの表示 (変数)","Alt+Shift+Q, V","ウィンドウ"
"ナビゲート","次のメンバーへジャンプ","Ctrl+Shift+Down","Java ソースの編集"
"Git","コミット...","Ctrl+#","ウィンドウ"
"WindowBuilder Pro","Empty command","Ctrl+Shift+A","WindowBuilder Java scope"
"実行/デバッグ","Java アプリケーションの実行","Alt+Shift+X, J","ウィンドウ"
"ナビゲート","対応する大括弧にジャンプ","Ctrl+Shift+P","スクリプト・ソースの編集中"
"タスク・リポジトリー","タスクを既読としてマーク","Alt+Shift+R","タスク・ビュー"
"ナビゲート","型を開く","Ctrl+Shift+T","ウィンドウ"
"C/C++ ソース","対応する大括弧にジャンプ","Ctrl+Shift+P","C/C++ エディター"
"PyDev - 実行","Run custom tests","Ctrl+F9","Pydev エディター・スコープ"
"PyDev - エディター","Select Enclosing Scope","Alt+Shift+Up","Pydev エディター・スコープ"
"SVN","リポジトリーと同期化","Ctrl+Alt+S","ウィンドウ"
"ウィンドウ","エディターの即時切り替え","Ctrl+E","ウィンドウ"
"テキスト編集","大文字に変更","Ctrl+Shift+X","テキストの編集"
"ナビゲート","Opens a method in a PHP editor","Ctrl+Shift+M","PHP ソースの編集中"
"C/C++ ソース","前のメンバーへジャンプ","Ctrl+Shift+Up","C/C++ エディター"
"C/C++ ソース","要素を開く","Ctrl+Shift+T","C/C++ ビュー内"
"テキスト編集","次の単語を選択","Ctrl+Shift+Right","テキストの編集"
"編集","次の要素を選択","Alt+Shift+Right","構造化テキスト・エディターで編集"
"EMF コード生成","Generate Code","Alt+Shift+G","ウィンドウ"
"サーバー","デバッグ","Ctrl+Alt+D","サーバー・ビュー"
"PyDev - エディター","Python コード・フォーマット","Ctrl+Shift+F","Pydev エディター・スコープ"
"編集","コピー","Ctrl+Insert","ダイアログまたはウィンドウ"
"実行/デバッグ","Ant ビルドの実行","Alt+Shift+X, Q","ウィンドウ"
"ウィンドウ","設定 (一般 > キー)","Ctrl+Alt+Shift+K","ウィンドウ"
"実行/デバッグ","Java アプリケーションのデバッグ","Alt+Shift+D, J","ウィンドウ"
"JavaScript デバッグ","JavaScript Breakpoint Properties","Ctrl+Enter","ブレークポイント・ビュー内"
"タスク・リポジトリー","タスクを未読としてマーク","Alt+Shift+U","タスク・エディター"
"ウィンドウ","次のビュー","Ctrl+F7","ウィンドウ"
"データベース・ツール","すべて実行","Ctrl+Alt+X","SQL の編集"
"ナビゲート","呼び出し階層を開く","Ctrl+Alt+H","ウィンドウ"
"SVN","パッチの作成...","Ctrl+Alt+P","ウィンドウ"
"ナビゲート","組み込みブラウザーを開く","Ctrl+Alt+I","C/C++ エディター"
"編集","前回の選択を復元","Alt+Shift+Down","Java ソースの編集"
"ビュー","ビューの表示 (虎の巻)","Alt+Shift+Q, H","ウィンドウ"
"リファクタリング - JavaScript","インライン化","Alt+Shift+I","JavaScript ビュー"
"編集","クイック・フィックス","Ctrl+1","ダイアログまたはウィンドウ"
"リファクタリング - Java","名前変更 - リファクタリング ","Alt+Shift+R","ウィンドウ"
"編集","前の兄弟","Ctrl+Shift+Up","構造化テキスト・エディターで編集"
"ターミナル・ビュー・コマンド","ターミナル・ビュー挿入","Alt+T","ターミナル・ウィジェット・コンテキスト"
"ファイル","リフレッシュ","F5","ウィンドウ"
"ソース","「囲む」クイック・メニュー","Alt+Shift+Z","JavaScript ビュー"
"UML2 Sequence Diagram Viewer Commands","関連メッセージへジャンプ","Alt+R","UML2 シーケンス図ビューアー"
"PyDev - エディター","Python すべて展開表示","Ctrl+0","Pydev エディター・スコープ"
"実行/デバッグ","実行","Ctrl+F11","ウィンドウ"
"ナビゲート","階層で型を開く","Ctrl+Shift+H","JavaScript ビュー"
"ナビゲート","最後の編集位置","Ctrl+Q","ウィンドウ"
"pepticcategory","メソッドのオーバーライド/実装...","Alt+Shift+T, O","Pydev エディター・スコープ"
"C/C++ ソース","フォーマット","Ctrl+Shift+F","C/C++ エディター"
"Changelog","Format ChangeLog","Esc, Ctrl+F","テキストの編集"
"ナビゲート","クイック・アウトライン","Ctrl+O","スクリプト・ソースの編集中"
"Reverse Debugging Commands","Reverse Step Into","Shift+F5","C/C++ のデバッグ"
"ナビゲート","階層で型を開く","Ctrl+Shift+H","DLTK View"
"実行/デバッグ","Java アプレットのデバッグ","Alt+Shift+D, A","ウィンドウ"
"ウィンドウ","「システム・メニュー」を表示","Alt+-","ウィンドウ"
"ナビゲート","タスクのリポジトリー検索","Ctrl+Shift+F12","ウィンドウ"
"編集","逆インクリメンタル検索","Ctrl+Shift+J","テキストの編集"
"ナビゲート","リモートのタスクを開く","Ctrl+Alt+Shift+F12","ウィンドウ"
"ビュー","ビューの表示 (宣言)","Alt+Shift+Q, D","ウィンドウ"
"カテゴリーなし","Display Command","Ctrl+Shift+D","Pydev エディター・スコープ"
"編集","次の要素を選択","Alt+Shift+Right","Java ソースの編集"
"ウィンドウ","前のエディター","Ctrl+Shift+F6","ウィンドウ"
"C/C++ ソース","アウトラインの表示","Ctrl+O","C/C++ エディター"
"ソース","インポートの編成","Ctrl+Shift+O","ウィンドウ"
"ウィンドウ","ルーラー・コンテキスト・メニューの表示","Ctrl+F10","テキストの編集"
"実行/デバッグ","Debug PHP Web Application","Alt+Shift+D, W","ウィンドウ"
"ソース","ソース・クイック・メニューを表示","Alt+Shift+S","JavaScript ビュー"
"テキスト編集","行のスクロールダウン","Ctrl+Down","テキストの編集"
"実行/デバッグ","ステップ・フィルターを使用する","Shift+F5","ウィンドウ"
"ビュー","JavaScript 型階層","Alt+Shift+Q, T","JavaScript ビュー"
"ソース","出現箇所のマークのトグル","Alt+Shift+O","JavaScript ソースの編集中"
"Git","パスをクリップボードにコピー","Ctrl+C","In Git Repositories View"
"ソース","JSdoc コメントの追加","Alt+Shift+J","JavaScript ビュー"
"ファイル","名前変更","F2","ウィンドウ"
"ターミナル・ビュー・コマンド","ターミナル・ビュー挿入","Alt+N","ターミナル・ウィジェット・コンテキスト"
"SVN","プロパティーの表示","Ctrl+Alt+W","ウィンドウ"
"フォーカス UI","関心ありにする","Ctrl+Alt+Shift+Down","ウィンドウ"
"ナビゲート","呼び出し階層を開く","Ctrl+Alt+H","JavaScript ビュー"
"検索","ワークスペース内の宣言","Ctrl+G","ウィンドウ"
"ソース","出現箇所の注釈の除去","Alt+Shift+U","JavaScript ソースの編集中"
"編集","アクティブ要素のフォーマット","Ctrl+I","PHP ソースの編集中"
"ソース","インポートの追加","Ctrl+Shift+M","JavaScript ソースの編集中"
"実行/デバッグ","ブレークポイントの切り替え","Ctrl+Shift+B","ウィンドウ"
"PyDev - エディター","Python Show Global Tokens (エディター)","Ctrl+Shift+T","Pydev エディター・スコープ"
"UML2 Sequence Diagram Viewer Commands","Show node start ","Alt+Shift+Home","UML2 シーケンス図ビューアー"
"ソース","コメントの切り替え","Ctrl+/","JavaScript ソースの編集中"
"テキスト編集","行削除","Ctrl+D","テキストの編集"
"編集","コメントの切り替え","Ctrl+7","PHP ソースの編集中"
"PyDev - エディター","Python すべて縮小表示","Ctrl+9","Pydev エディター・スコープ"
"ビュー","ビューの表示 (問題)","Alt+Shift+Q, X","ウィンドウ"
"ターミナル・ビュー・コマンド","ターミナル・ビュー挿入","Alt+A","ターミナル・ウィジェット・コンテキスト"
"ナビゲート","プラグイン・アーティファクトを開く","Ctrl+Shift+A","ウィンドウ"
"ナビゲート","表示...","Alt+Shift+W","ウィンドウ"
"C/C++ ソース","ツールチップ説明の表示","F2","Autoconf エディター"
"DBViewer","次の SQL ヒストリー","Ctrl+Alt+Right","ウィンドウ"
"編集","削除","Delete","ウィンドウ"
"スパイ","プラグイン・メニュー・スパイ","Alt+Shift+F2","ダイアログまたはウィンドウ"
"ソース","マニュアルを開く","Shift+F2","PHP ソースの編集中"
"SQL の結果ビュー","結果の終了","Ctrl+Break","ウィンドウ"
"PyDev - エディター","コメント・ブロックの追加","Ctrl+4","Pydev エディター・スコープ"
"編集","ファイル内での出現箇所","Ctrl+Shift+A","構造化テキスト・エディターで編集"
"リファクタリング - C++","Toggle Function - リファクタリング ","Alt+Shift+T","C/C++ エディター"
"ソース","コメントの切り替え","Ctrl+Shift+C","Java ソースの編集"
"実行/デバッグ","インスペクション","Ctrl+Shift+I","ダイアログまたはウィンドウ"
"実行/デバッグ","ステップ・リターン","F7","デバッグ"
"編集","フォーマット","Ctrl+Shift+F","DLTK View"
"Makefile ソース","コメント解除","Ctrl+\","Makefile エディター"
"フォーカス UI","コンテキスト・クイック・ビューの表示","Ctrl+Alt+Shift+Right","ウィンドウ"
"LimyEclipse","折りたたみの切り替え","Ctrl+;","Java ソースの編集"
"リファクタリング - DLTK","リファクタリング・クイック・メニューの表示","Alt+Shift+T","スクリプト・ソースの編集中"
"SVN","コミット...","Ctrl+Alt+C","ウィンドウ"
"AnyEdit ツール","Html 文字実体参照を文字に","Ctrl+Alt+W","テキストの編集"
"編集","次の要素を選択","Alt+Shift+Right","JavaScript ソースの編集中"
"編集","次の兄弟","Ctrl+Shift+Down","構造化テキスト・エディターで編集"
"ナビゲート","前へ","Ctrl+,","ウィンドウ"
"ナビゲート","型階層を開く","F4","C/C++ ビュー内"
"編集","挿入モードの切り替え","Ctrl+Shift+Insert","テキストの編集"
"pepticcategory","ローカル変数の抽出...","Alt+Shift+T, L","Pydev エディター・スコープ"
"カテゴリーなし","Find all references","Ctrl+Shift+G","Pydev エディター・スコープ"
"ナビゲート","タスクを開く","Ctrl+F12","ウィンドウ"
"実行/デバッグ","Run CLI Application","Alt+Shift+X, H","ウィンドウ"
"実行/デバッグ","Java アプレットの実行","Alt+Shift+X, A","ウィンドウ"
"編集","検索と置換","Ctrl+F","ウィンドウ"
"ナビゲート","構造を開く","Ctrl+F3","Java ソースの編集"
"ソース","コメントの切り替え","Ctrl+7","プロパティー・ファイルの編集中"
"ナビゲート","ヒストリーを戻る","Alt+Left","ウィンドウ"
"ビュー","ビューの表示 (パッケージ・エクスプローラー)","Alt+Shift+Q, P","ウィンドウ"
"ナビゲート","次ページ","Ctrl+F5","In Faces Config Editor"
"Reverse Debugging Commands","Reverse Step Over","Shift+F6","C/C++ のデバッグ"
"実行/デバッグ","指定行まで実行","Ctrl+R","デバッグ"
"C/C++ ソース","コメント/コメント解除","Ctrl+/","C/C++ エディター"
"タスク・リポジトリー","タスクを未読としてマーク","Alt+Shift+U","タスク・ビュー"
"Tomcat keys","Tomcat quick restart","Alt+T","ウィンドウ"
"リファクタリング - DLTK","名前変更 - リファクタリング ","Alt+Shift+R","スクリプト・ソースの編集中"
"実行/デバッグ","RAP JUnit テストのデバッグ","Alt+Shift+D, U","ウィンドウ"
"実行/デバッグ","JUnit プラグイン・テストの実行","Alt+Shift+X, P","ウィンドウ"
"実行/デバッグ","Eclipse アプリケーションの実行","Alt+Shift+X, E","ウィンドウ"
"編集","前の要素を選択","Alt+Shift+Left","JavaScript ソースの編集中"
"Quick JUnit","テスティングペアを開く","Ctrl+9","テキストの編集"
"pepticcategory","ローカル変数の抽出...","Alt+Shift+L","Pydev エディター・スコープ"
"ビュー","ビューの表示 (ブレークポイント)","Alt+Shift+Q, B","ウィンドウ"
"実行/デバッグ","インスペクション","Ctrl+Shift+Z","ダイアログまたはウィンドウ"
"リファクタリング - C++","名前変更 - リファクタリング ","Alt+Shift+R","C/C++ ビュー内"
"タスク・リポジトリー","タスクを既読としてマーク","Alt+Shift+R","タスク・エディター"
"Tomcat keys","Tomcat start,stop","Ctrl+Alt+T","ウィンドウ"
"リファクタリング - JavaScript","リファクタリング・クイック・メニューの表示","Alt+Shift+T","JavaScript ビュー"
"ファイル","印刷","Ctrl+P","ウィンドウ"
"編集","やり直し","Ctrl+Y","ダイアログまたはウィンドウ"
"ナビゲート","クイック階層","Ctrl+T","Java ソースの編集"
"ウィンドウ","次のパースペクティブ","Ctrl+F8","ウィンドウ"
"ウィンドウ","前のパースペクティブ","Ctrl+Shift+F8","ウィンドウ"
"ファイル","保管","Ctrl+S","ウィンドウ"
"ソース","コメントの切り替え","Ctrl+Shift+C","プロパティー・ファイルの編集中"
"ナビゲート","組み込みブラウザーを開く","Ctrl+Alt+I","C/C++ ビュー内"
"スクリプト・ソース","コメントの切り替え","Ctrl+7","スクリプト・ソースの編集中"
"PyDev - エディター","スクリプトのオフライン・アクション","Ctrl+2","Pydev エディター・スコープ"
"ソース","インポートの追加","Ctrl+Shift+M","Java ソースの編集"
"編集","前の要素を選択","Alt+Shift+Left","Java ソースの編集"
"Web ページ・エディター・レイアウト","水平レイアウト","Ctrl+Shift+F10","Web ページ・エディターの使用"
"実行/デバッグ","RAP JUnit テストの実行","Alt+Shift+X, U","ウィンドウ"
"ナビゲート","型を開く","Ctrl+Shift+T","PHP ソースの編集中"
"pepticcategory","プロパティーの生成...","Alt+Shift+T, P","Pydev エディター・スコープ"
"ウィンドウ","提供プラグインの表示","Alt+Shift+F3","ダイアログまたはウィンドウ"
"SVN","注釈の表示...","Ctrl+Alt+A","ウィンドウ"
"リファクタリング - JavaScript","関数シグニチャーの変更","Alt+Shift+C","JavaScript ビュー"
"AnyEdit ツール","大文字に変更","Ctrl+Alt+U","テキストの編集"
"実行/デバッグ","強制リターン","Alt+Shift+F","ウィンドウ"
"ビュー","ズームアウト","Ctrl+-","ウィンドウ"
"リファクタリング - PHP","移動 - リファクタリング ","Alt+Shift+V","DLTK View"
"ナビゲート","前のメンバーへジャンプ","Ctrl+Shift+Up","Java ソースの編集"
"ナビゲート","階層で型を開く","Ctrl+Shift+H","C/C++ エディター"
"ターミナル・ビュー・コマンド","ターミナル・ビュー挿入","Alt+P","ターミナル・ウィジェット・コンテキスト"
"リファクタリング - JavaScript","ローカル変数の抽出","Alt+Shift+L","JavaScript ビュー"
"JavaScript デバッグ","評価","Alt+Shift+E","JavaScript ソースの編集中"
"ナビゲート","パンくずリストで表示","Alt+Shift+B","エディター・パンくずリスト・ナビゲーション"
"サーバー","実行","Ctrl+Alt+R","サーバー・ビュー"
"ソース","「囲む」クイック・メニュー","Alt+Shift+Z","ウィンドウ"
"C/C++ ソース","要素を開く","Ctrl+Shift+T","C/C++ エディター"
"リファクタリング - DLTK","名前変更 - リファクタリング ","Alt+Shift+R","DLTK View"
"ナビゲート","呼び出し階層を開く","Ctrl+Alt+H","スクリプト・ソースの編集中"
"C/C++ ソース","Sort Lines","Ctrl+Alt+S","C/C++ エディター"
"編集","前の要素を選択","Alt+Shift+Left","構造化テキスト・エディターで編集"
"ソース","コメントの切り替え","Ctrl+Shift+C","JavaScript ソースの編集中"
"編集","コンテンツ・アシスト","Ctrl+Space","ダイアログまたはウィンドウ"
"テキスト編集","行をコピー","Ctrl+Alt+Down","テキストの編集"
"AnyEdit ツール","小文字に変更","Ctrl+Alt+L","テキストの編集"
"ナビゲート","前のメンバーへジャンプ","Ctrl+Shift+Up","スクリプト・ソースの編集中"
"タスク・リポジトリー","タスクを既読としてマークし、次の未読タスクへジャンプ","Alt+Shift+Down","タスク・ビュー"
"SVN","svn:ignore に追加...","Ctrl+Alt+I","ウィンドウ"
"スクリプト・ソース","インデントの訂正(&I)","Ctrl+I","スクリプト・ソースの編集中"
"ナビゲート","クイック・アウトライン","Ctrl+O","JavaScript ソースの編集中"
"ナビゲート","次へ","Ctrl+.","ウィンドウ"
"C/C++ ソース","出現箇所のマークのトグル","Alt+Shift+O","C/C++ エディター"
"C/C++ ソース","マクロ拡張の探索","Ctrl+=","C/C++ エディター"
"ナビゲート","前のサブ・タブ","Alt+PageUp","ダイアログまたはウィンドウ"
"タスク・エディター","パーツの最大化","Ctrl+Shift+M","タスク・エディター"
"SQL の結果ビュー","表示されている結果をすべて除去","Shift+Delete","ウィンドウ"
"テキスト編集","次の単語","Ctrl+Right","テキストの編集"
"Reverse Debugging Commands","Reverse Resume","Shift+F8","C/C++ のデバッグ"
"編集","Add Maven Dependency","Ctrl+Shift+D","XML ソースの編集"
"ファイル","閉じる","Ctrl+W","ウィンドウ"
"AnyEdit ツール","文字を Html 文字実体参照に","Ctrl+Alt+E","テキストの編集"
"PyDev - 実行","Relaunch last pydev launch","Ctrl+Shift+F9","Pydev エディター・スコープ"
"ビュー","ビューの表示 (Javadoc)","Alt+Shift+Q, J","ウィンドウ"
"Reverse Debugging Commands","Uncall","Shift+F7","C/C++ のデバッグ"
"C/C++ ソース","宣言","Ctrl+G","C/C++ ビュー内"
"ナビゲート","指定行へジャンプ","Ctrl+L","テキストの編集"
"編集","前回の選択を復元","Alt+Shift+Down","JavaScript ソースの編集中"
"ナビゲート","すべて展開","Ctrl+Shift+Numpad_Multiply","ウィンドウ"
"ナビゲート","型を開く","Ctrl+Shift+T","JavaScript ソースの編集中"
"ナビゲート","クイック・アウトライン","Ctrl+O","PDE エディター"
"実行/デバッグ","Debug RWT Application","Alt+Shift+D, 3","ウィンドウ"
"テキスト編集","テキストの先頭","Ctrl+Home","テキストの編集"
"編集","クイック Diff 切り替え","Ctrl+Shift+Q","テキストの編集"
"ソース","外部ドキュメンテーションを開く","Shift+F2","Ant ビルド・ファイルの編集"
"ナビゲート","タスクをアクティブにする","Ctrl+F9","ウィンドウ"
"ナビゲート","型階層を開く","F4","スクリプト・ソースの編集中"
"ナビゲート","次の未読タスクへジャンプ","Alt+Down","タスク・ビュー"
"ビュー","JavaScript 宣言","Alt+Shift+Q, D","JavaScript ビュー"
"編集","Select Enclosing C/C++ Element","Alt+Shift+Up","C/C++ エディター"
"実行/デバッグ","Run Maven Build","Alt+Shift+X, M","ウィンドウ"
"編集","貼り付け","Shift+Insert","ダイアログまたはウィンドウ"
"スパイ","プラグイン選択スパイ","Alt+Shift+F1","ダイアログまたはウィンドウ"
"ファイル","プロパティー","Alt+Enter","ウィンドウ"
"Web ページ・エディター・レイアウト","ソース・コード","Ctrl+Shift+F12","Web ページ・エディターの使用"
"ビュー","ビューの表示 (型階層)","Alt+Shift+Q, T","ウィンドウ"
"ナビゲート","呼び出し階層を開く","Ctrl+Alt+H","DLTK View"
"SVN","ロック...","Ctrl+Alt+K","ウィンドウ"
"テキスト編集","すべて展開","Ctrl+Numpad_Multiply","テキストの編集"
"WindowBuilder Pro","Empty command","Ctrl+Alt+A","WindowBuilder Java scope"
"編集","コピー","Ctrl+C","ダイアログまたはウィンドウ"
"検索","「検索」ダイアログを開く","Ctrl+H","ウィンドウ"
"編集","切り取り","Ctrl+X","ダイアログまたはウィンドウ"
"LimyEclipse","選択したフィールドの getter/setter メソッドを生成","Ctrl+Alt+Shift+G","ウィンドウ"
"ターミナル・ビュー・コマンド","ターミナル・ビュー挿入","Alt+F","ターミナル・ウィジェット・コンテキスト"
"ナビゲート","宣言を開く","F3","JavaScript ビュー"
"実行/デバッグ","次のメモリー・ページ","Ctrl+Shift+.","テーブル・メモリー・レンダリング内"
"PyDev - エディター","次のメソッドまたはクラス","Ctrl+Shift+Down","Pydev エディター・スコープ"
"ソース","フォーマット","Ctrl+Shift+F","JavaScript ソースの編集中"
"実行/デバッグ","Eclipse アプリケーションのデバッグ","Alt+Shift+D, E","ウィンドウ"
"テキスト編集","1 行上へ移動","Alt+Up","テキストの編集"
"ソース","クイック・アシスト - ファイル内の名前変更","Ctrl+2, R","Java ソースの編集"
"ナビゲート","呼び出し階層を開く","Ctrl+Alt+H","C/C++ エディター"
"AnyEdit ツール","スペースをタブに","Ctrl+Alt+Tab","テキストの編集"
"ナビゲート","型階層を開く","F4","ウィンドウ"
"タスク・リポジトリー","タスクを完了としてマーク","Alt+Shift+C","タスク・エディター"
"テキスト編集","行を複写","Ctrl+Alt+Up","テキストの編集"
"ナビゲート","呼び出し階層を開く","Ctrl+Alt+H","PHP ソースの編集中"
"テキスト編集","テキストの末尾","Ctrl+End","テキストの編集"
"LimyEclipse","メンバーに Javadoc コメントを付加","Alt+Shift+J","Java ソースの編集"
"ナビゲート","前のメンバーへジャンプ","Ctrl+Shift+Up","JavaScript ソースの編集中"
"SVN","改訂へ更新","Ctrl+Alt+D","ウィンドウ"
"ソース","ソース・クイック・メニューを表示","Alt+Shift+S","ウィンドウ"
"ナビゲート","呼び出し階層を開く","Ctrl+Alt+H","C/C++ ビュー内"
"タスク・リポジトリー","クイック・アウトライン","Ctrl+O","タスク・エディター"
"ソース","出現箇所のマークのトグル","Alt+Shift+O","Java ソースの編集"
"データベース・ツール","SQL クエリー・ビルダーで編集...","Alt+Q","SQL の編集"
"ナビゲート","型階層を開く","F4","PHP ソースの編集中"
"PyDev - エディター","Python 展開表示","Ctrl+=","Pydev エディター・スコープ"
"リファクタリング - PHP","移動 - リファクタリング ","Alt+Shift+V","PHP ソースの編集中"
"Quick JUnit","JUnit テスト","Ctrl+0","テキストの編集"
"ナビゲート","階層で型を開く","Ctrl+Shift+H","ウィンドウ"
"検索","ワークスペース内の参照","Ctrl+Shift+G","ウィンドウ"
"リファクタリング - Java","インライン化","Alt+Shift+I","ウィンドウ"
"ナビゲート","対応する大括弧にジャンプ","Ctrl+Shift+P","PHP ソースの編集中"
"ウィンドウ","キー・アシストを表示","Ctrl+Shift+L","ダイアログまたはウィンドウ"
"検索","ファイル・クイック・メニュー内での出現箇所を表示","Ctrl+Shift+U","JavaScript ビュー"
"テキスト編集","縮小","Ctrl+Numpad_Subtract","テキストの編集"
"DBViewer","すべての SQL を実行","Shift+Enter","ウィンドウ"
"C/C++ ソース","参照","Ctrl+Shift+G","C/C++ ビュー内"
"PyDev - エディター","コメント・ブロックの除去","Ctrl+5","Pydev エディター・スコープ"
"ナビゲート","選択を開く","F3","DLTK View"
"UML2 Sequence Diagram Viewer Commands","Scroll right","Alt+Shift+Right","UML2 シーケンス図ビューアー"
"PyDev - エディター","対応する大括弧にジャンプ","Ctrl+Shift+P","Pydev エディター・スコープ"
"編集","要素コメントの生成 ","Ctrl+Shift+J","PHP ソースの編集中"
"編集","貼り付け","Ctrl+V","ダイアログまたはウィンドウ"
"実行/デバッグ","Java ブレークポイント・プロパティー","Alt+Enter","ブレークポイント・ビュー内"
"実行/デバッグ","Debug CLI Application","Alt+Shift+D, H","ウィンドウ"
"WindowBuilder Pro","Switch between Source/Design Views","F12","テキストの編集"
"編集","Select Previous C/C++ Element","Alt+Shift+Left","C/C++ エディター"
"ソース","コメントの切り替え","Ctrl+/","プロパティー・ファイルの編集中"
"リファクタリング - C++","名前変更 - リファクタリング ","Alt+Shift+R","C/C++ エディター"
"ビュー","ドキュメンテーション","Alt+Shift+Q, J","JavaScript ビュー"
"ビュー","ビューの表示 (タスク・リスト)","Alt+Shift+Q, K","ウィンドウ"
"ソース","出現箇所の注釈の除去","Alt+Shift+U","Java ソースの編集"
"ナビゲート","タスクの非アクティブ化","Ctrl+Shift+F9","ウィンドウ"
"ナビゲート","クイック・アウトライン","Ctrl+Shift+O","Task Markup Editor Source Context"
"カテゴリーなし","Add Artifact to Target Platform","Ctrl+Alt+Shift+A","ウィンドウ"
"テキスト編集","折りたたみの切り替え","Ctrl+Numpad_Divide","テキストの編集"
"スクリプト・ソース","コメントの切り替え","Ctrl+/","スクリプト・ソースの編集中"
"PyDev - エディター","単一コメント・ブロックの追加","Ctrl+Shift+4","Pydev エディター・スコープ"
"ソース","ブロック・コメントの追加","Ctrl+Shift+/","JavaScript ソースの編集中"
"AnyEdit ツール","大/小文字を逆転","Ctrl+Alt+I","テキストの編集"
"実行/デバッグ","デバッグ","F11","ウィンドウ"
"PyDev - エディター","Python コメントの切り替え","Ctrl+/","Pydev エディター・スコープ"
"データベース・ツール","現在のテキストを実行","Alt+S","SQL の編集"
"ファイル","新規","Ctrl+N","PHP ソースの編集中"
"テキスト編集","行のスクロールアップ","Ctrl+Up","テキストの編集"
"リファクタリング - JavaScript","名前変更 - リファクタリング ","Alt+Shift+R","JavaScript ビュー"
"PyDev - エディター","Python 縮小表示","Ctrl+-","Pydev エディター・スコープ"
"JavaScript デバッグ","ソースを開く","Ctrl+Shift+3","デバッグ"
"リファクタリング - DLTK","リファクタリング・クイック・メニューの表示","Alt+Shift+T","DLTK View"
"ナビゲート","階層で型を開く","Ctrl+Shift+H","PHP ソースの編集中"
"C/C++ ソース","宣言を開く","F3","C/C++ ビュー内"
"ソース","フォーマット","Ctrl+Shift+F","Ant ビルド・ファイルの編集"
"ターミナル・ビュー・コマンド","ターミナル・ビュー挿入","Alt+H","ターミナル・ウィジェット・コンテキスト"
"ソース","コメントの切り替え","Ctrl+7","JavaScript ソースの編集中"
"編集","移動","Alt+Shift+V","JSP ソースの編集"
"テキスト編集","前の単語","Ctrl+Left","テキストの編集"
"C/C++ ソース","マクロ拡張の探索","Ctrl+#","C/C++ エディター"
"タスク・リポジトリー","ツールチップ説明の表示","F4","タスク・ビュー"
"ソース","行のインデント","Ctrl+I","JavaScript ソースの編集中"
"AnyEdit ツール","先頭文字のみ大文字","Ctrl+Alt+C","テキストの編集"
"編集","ブロック・コメントの追加","Ctrl+Shift+/","構造化テキスト・エディターで編集"
"SQL の結果ビュー","結果の除去","Ctrl+Delete","ウィンドウ"
"DBViewer","新規レコードの作成","Ctrl+I","ウィンドウ"
"ターミナル・ビュー・コマンド","ターミナル・ビュー挿入","Alt+W","ターミナル・ウィジェット・コンテキスト"
"検索","ワークスペース内の参照","Ctrl+Shift+G","スクリプト・ソースの編集中"
"Changelog","Prepare Changelog In Editor","Ctrl+Alt+P","エディターで比較中"
"実行/デバッグ","すべてのブレークポイントをスキップ","Ctrl+Alt+Shift+S","ウィンドウ"
"ウィンドウ","アクティブ・ビューまたはエディターの最大化","Ctrl+M","ウィンドウ"
"DBViewer","前の SQL ヒストリー","Ctrl+Alt+Left","ウィンドウ"
"ナビゲート","階層で型を開く","Ctrl+Shift+H","C/C++ ビュー内"
"pepticcategory","ローカル変数のインライン化...","Alt+Shift+T, I","Pydev エディター・スコープ"
"ソース","Ant 出現箇所のマークの切り替え","Alt+Shift+O","Ant ビルド・ファイルの編集"
"ファイル","すべて閉じる","Ctrl+Shift+W","ウィンドウ"
"リファクタリング - C++","ローカル変数の抽出 - リファクタリング ","Alt+Shift+L","C/C++ エディター"
"実行/デバッグ","JUnit テストの実行","Alt+Shift+X, T","ウィンドウ"
"DBViewer","現在の SQL を実行","Ctrl+Enter","ウィンドウ"
"タスク・リポジトリー","タスクを既読としてマークし、前の未読タスクへジャンプ","Alt+Shift+Up","タスク・ビュー"
"テキスト編集","1 行下へ移動","Alt+Down","テキストの編集"
"PyDev - エディター","前のメソッドまたはクラス","Ctrl+Shift+Up","Pydev エディター・スコープ"
"実行/デバッグ","メモリー・モニター・ペインを切り替え","Ctrl+T","メモリー・ビュー内"
"編集","ツールチップ説明の表示","F2","PHP ソースの編集中"
"実行/デバッグ","終了","Ctrl+F2","デバッグ"
"編集","次を検索","Ctrl+K","テキストの編集"
"実行/デバッグ","EOF","Ctrl+Z","I/O コンソール"
"編集","エンクロージング要素の選択","Alt+Shift+Up","Java ソースの編集"
"編集","Select Next C/C++ Element","Alt+Shift+Right","C/C++ エディター"
"編集","切り取り","Shift+Delete","ダイアログまたはウィンドウ"
"Quick JUnit","JUnit Plug-in テスト","Ctrl+-","テキストの編集"
"編集","フォーマット","Ctrl+Shift+F","PHP ソースの編集中"
"ファイル","閉じる","Ctrl+F4","ウィンドウ"
"UML2 Sequence Diagram Viewer Commands","Scroll down","Alt+Shift+Down","UML2 シーケンス図ビューアー"
"ソース","クイック・アシスト - ファイル内の名前変更","Ctrl+2, R","JavaScript ソースの編集中"
"AnyEdit ツール","キャメル <-> アンダースコアー","Ctrl+Alt+K","テキストの編集"
"実行/デバッグ","再開","F8","デバッグ"
"ソース","ブロック・コメントの除去","Ctrl+Shift+\","Java ソースの編集"
"ナビゲート","クイック・アウトライン","Ctrl+O","WikiText マークアップ・ソース・コンテキスト"
"Changelog","Insert ChangeLog entry","Ctrl+Alt+C","エディターで比較中"
"ナビゲート","前の未読タスクへジャンプ","Alt+Up","タスク・ビュー"
"PyDev - エディター","Python アウトラインの表示","Ctrl+O","Pydev エディター・スコープ"
"プロジェクト","すべてビルド","Ctrl+B","ウィンドウ"
"ビュー","ビューの表示 (ヒストリー)","Alt+Shift+Q, Z","ウィンドウ"
"C/C++ ソース","ブロック・コメントの除去","Ctrl+Shift+\","C/C++ エディター"
"C/C++ ソース","宣言を開く","F3","マクロ拡張ホバー"
"編集","選択を開く","F3","構造化テキスト・エディターで編集"
"ビュー","PHP スクリプト・エクスプローラー","Alt+Shift+Q, E","ウィンドウ"
"ターミナル・ビュー・コマンド","ターミナル・ビュー挿入","Alt+G","ターミナル・ウィジェット・コンテキスト"
"タスク・リポジトリー","タスクを未完了としてマーク","Alt+Shift+I","タスク・エディター"
"プロジェクト","Make ターゲット・ビルド","Shift+F9","ウィンドウ"
"編集","Restore Last C/C++ Selection","Alt+Shift+Down","C/C++ エディター"
"ナビゲート","クイック階層","Ctrl+T","スクリプト・ソースの編集中"
"ナビゲート","マニフェストを開く","Ctrl+Alt+Shift+M","ウィンドウ"
"Quick JUnit","JUnit デバッグ","Ctrl+Shift+0","テキストの編集"
"ビュー","ビューの表示 (検索)","Alt+Shift+Q, S","ウィンドウ"
"ASA 9.x table schema editor","コピー","Alt+C","ウィンドウ"
"ソース","出現箇所のマーク","Alt+Shift+O","PHP ソースの編集中"
"ナビゲート","Opens a method in a PHP editor","Ctrl+Shift+M","DLTK View"
"ソース","ブロック・コメントの追加","Ctrl+Shift+/","Java ソースの編集"
"編集","前回の選択を復元","Alt+Shift+Down","構造化テキスト・エディターで編集"
"テキスト編集","行の結合","Ctrl+Alt+J","テキストの編集"
"ウィンドウ","「ビューの表示」メニュー","Ctrl+F10","ダイアログまたはウィンドウ"
"ナビゲート","次のサブ・タブ","Alt+PageDown","ダイアログまたはウィンドウ"
"ナビゲート","宣言を開く","F3","スクリプト・ソースの編集中"
"テキスト編集","展開","Ctrl+Numpad_Add","テキストの編集"
"SVN","マージ...","Ctrl+Alt+E","ウィンドウ"
"ソース","クイック・アシスト - 変数への代入","Ctrl+2, F","JavaScript ソースの編集中"
"検索","ファイル検索","Ctrl+Alt+Shift+F","ウィンドウ"
"ナビゲート","次ページ","Ctrl+F5","Web ページ・エディターの使用"
"検索","ワークスペース内の宣言","Ctrl+G","JavaScript ビュー"
"ナビゲート","Maven POM を開く","Alt+Shift+P","ウィンドウ"
"実行/デバッグ","実行","Ctrl+U","ウィンドウ"
"PyDev - 実行","Set Next Statement","Ctrl+Alt+R","Pydev エディター・スコープ"
"実行/デバッグ","インスペクション","Ctrl+Shift+I","スクリプトのデバッグ中"
"プロジェクト","最後のターゲットの再ビルド","F9","ウィンドウ"
"編集","単語補完","Alt+/","テキストの編集"
"ナビゲート","ヒストリーを進む","Alt+Right","ウィンドウ"
"ビュー","ビューの表示","Alt+Shift+Q, Q","ウィンドウ"
"SVN","更新","Ctrl+Alt+U","ウィンドウ"
"テキスト編集","ツールチップ説明の表示","F2","テキストの編集"
"PyDev - エディター","Show Python Class Hierarchy","F4","Pydev エディター・スコープ"
"実行/デバッグ","メモリー・ブロックを追加します","Ctrl+Alt+M","メモリー・ビュー内"
"テキスト編集","すべて縮小表示","Ctrl+Shift+Numpad_Divide","テキストの編集"
"C/C++ ソース","行のインデント","Ctrl+I","C/C++ エディター"
"編集","左へシフト","Shift+Tab","C/C++ エディター"
"PyDev - エディター","Deselect Enclosing Scope","Alt+Shift+Down","Pydev エディター・スコープ"
"スクリプト・ソース","フォーマット","Ctrl+Shift+F","スクリプト・ソースの編集中"
"テキスト編集","現在行の上に行を挿入","Ctrl+Shift+Enter","テキストの編集"
"ビュー","ビューの表示 (同期化)","Alt+Shift+Q, Y","ウィンドウ"
"ナビゲート","クイック・アウトライン","Ctrl+O","構造化テキスト・エディターで編集"
"ターミナル・ビュー・コマンド","ターミナル・ビュー挿入","Alt+R","ターミナル・ウィジェット・コンテキスト"
"ナビゲート","選択を開く","F3","PHP ソースの編集中"
"C/C++ ソース","ソース・クイック・メニューを表示","Alt+Shift+S","C/C++ エディター"
"DBViewer","選択した SQL を実行","Ctrl+Shift+Enter","ウィンドウ"
"テキスト編集","小文字に変更","Ctrl+Shift+Y","テキストの編集"
"ナビゲート","次のメンバーへジャンプ","Ctrl+Shift+Down","JavaScript ソースの編集中"
"編集","すべて選択","Ctrl+A","ダイアログまたはウィンドウ"
"スクリプト・ソース","コメントの切り替え","Ctrl+Shift+C","スクリプト・ソースの編集中"
"ナビゲート","前ページ","Alt+Shift+F7","ウィンドウ"
"C/C++ ソース","戻る","Alt+Left","マクロ拡張ホバー"
"pepticcategory","ローカル変数のインライン化...","Alt+Shift+I","Pydev エディター・スコープ"
"C/C++ ソース","次のメンバーへジャンプ","Ctrl+Shift+Down","C/C++ エディター"
"編集","アクティブ要素のフォーマット","Ctrl+I","構造化テキスト・エディターで編集"
"カテゴリーなし","マークアップ虎の巻の表示","F1","WikiText マークアップ・ソース・コンテキスト"
"編集","コメントの切り替え","Ctrl+/","PHP ソースの編集中"
"Makefile ソース","コメント","Ctrl+/","Makefile エディター"
"ナビゲート","型階層を開く","F4","DLTK View"
"C/C++ ソース","クイック型階層","Ctrl+T","C/C++ エディター"
"ナビゲート","クイック階層","Ctrl+T","JavaScript ソースの編集中"
"ソース","コメントの切り替え","Ctrl+7","Java ソースの編集"
"UML2 Sequence Diagram Viewer Commands","Scroll left","Alt+Shift+Left","UML2 シーケンス図ビューアー"
"ソース","Checkstyle フィックスの適用","Ctrl+Alt+C","Java ソースの編集"
"C/C++ ソース","宣言","Ctrl+G","C/C++ エディター"
"マニフェスト・エディター・ソース","ソースのフォーマット","Ctrl+Shift+F","PDE エディター"
"編集","コンテキスト情報","Ctrl+Shift+Space","ダイアログまたはウィンドウ"
"ナビゲート","宣言を開く","F3","ウィンドウ"
"ソース","ファイル内の名前変更","Alt+Shift+R","Ant ビルド・ファイルの編集"
"テキスト編集","次の単語を削除","Ctrl+Delete","テキストの編集"
"PyDev - エディター","Python コメント","Ctrl+3","Pydev エディター・スコープ"
"Chain Completion Category","トリガー・チェーン・コンプリート・コマンド","Ctrl+Shift+Space","Java ソースの編集"
"ファイル","すべて閉じる","Ctrl+Shift+F4","ウィンドウ"
"Quick JUnit","JUnit Plug-in デバッグ","Ctrl+Shift+-","テキストの編集"
"編集","元に戻す","Ctrl+Z","ダイアログまたはウィンドウ"
"ソース","Javadoc コメントを追加します","Alt+Shift+J","ウィンドウ"
"Editor Commands","アウトラインの表示","Ctrl+O","Specfile Editor Context"
"ターミナル・ビュー・コマンド","ターミナル・ビュー挿入","Alt+S","ターミナル・ウィジェット・コンテキスト"
"ファイル","新規メニュー","Alt+Shift+N","ウィンドウ"
"編集","Add Maven Plugin","Ctrl+Shift+P","XML ソースの編集"
"ナビゲート","型を開く","Ctrl+Shift+T","DLTK View"
"ソース","ブロック・コメントの除去","Ctrl+Shift+\","JavaScript ソースの編集中"
"ナビゲート","クイック・アウトライン","Ctrl+O","Java ソースの編集"
"フォーカス UI","目印にする","Ctrl+Alt+Shift+Up","ウィンドウ"
"リファクタリング - DLTK","名前変更 - リファクタリング ","Alt+Shift+R","PHP ソースの編集中"
"リファクタリング - Java","リファクタリング・クイック・メニューの表示","Alt+Shift+T","ウィンドウ"
"PyDev - エディター","Python コメント解除","Ctrl+Shift+3","Pydev エディター・スコープ"
"UML2 Sequence Diagram Viewer Commands","Scroll up","Alt+Shift+Up","UML2 シーケンス図ビューアー"
"ウィンドウ","次のエディター","Ctrl+F6","ウィンドウ"
"ナビゲート","パンくずリストで表示","Alt+Shift+B","Java ソースの編集"
"実行/デバッグ","Go to Program Counter","Home","In Disassembly"
"タスク・リポジトリー","新規ローカル・タスク","Insert","タスク・ビュー"
"実行/デバッグ","ステップイン","F5","デバッグ"
"検索","ファイル・クイック・メニュー内での出現箇所を表示","Ctrl+Shift+U","ウィンドウ"
"リファクタリング - C++","関数の抽出 - リファクタリング ","Alt+Shift+M","C/C++ エディター"
"実行/デバッグ","Ant ビルドのデバッグ","Alt+Shift+D, Q","ウィンドウ"
"データベース・ツール","選択したテキストを 1 つのステートメントとして実行","Alt+C","SQL の編集"
"実行/デバッグ","JUnit プラグイン・テストのデバッグ","Alt+Shift+D, P","ウィンドウ"
"検索","ワークスペース内でテキストを検索","Ctrl+Alt+G","ウィンドウ"
"SVN","改訂グラフの表示...","Ctrl+Alt+Y","ウィンドウ"
"実行/デバッグ","次のメモリー・モニター","Ctrl+Alt+N","メモリー・ビュー内"
"C/C++ ソース","宣言を開く","F3","C/C++ エディター"
"テキスト編集","上書きの切り替え","Insert","テキストの編集"
"Git","リポジトリー・パスまたは URI の貼り付け","Ctrl+V","In Git Repositories View"
"実行/デバッグ","アドレスにジャンプ","Ctrl+G","テーブル・メモリー・レンダリング内"
"ターミナル・ビュー・コマンド","ターミナル・ビュー挿入","Alt+V","ターミナル・ウィジェット・コンテキスト"
"データベース・ツール","選択したテキストを実行","Alt+X","SQL の編集"
"実行/デバッグ","表示","Ctrl+Shift+D","ダイアログまたはウィンドウ"
"データベース・ツール","実行","Ctrl+Alt+R","SQL の編集"
"リファクタリング - Java","メソッド・シグニチャーの変更","Alt+Shift+C","ウィンドウ"
"タスク・エディター","タスクのサブミット","Alt+Shift+S","タスク・エディター"
"編集","名前変更","Alt+Shift+R","JSP ソースの編集"
"実行/デバッグ","サーバーでデバッグ","Alt+Shift+D, R","ウィンドウ"
"PyDev - 実行","Terminate all launches","Ctrl+Alt+F9","Pydev エディター・スコープ"
"テキスト編集","行の末尾まで削除","Ctrl+Shift+Delete","テキストの編集"
"実行/デバッグ","すべてのブレークポイントを除去","Ctrl+Alt+Shift+D","ウィンドウ"
"C/C++ ソース","進む","Alt+Right","マクロ拡張ホバー"
"タスク・リポジトリー","タスクを完了としてマーク","Alt+Shift+C","タスク・ビュー"
"ビュー","ビューの表示 (コンソール)","Alt+Shift+Q, C","ウィンドウ"
"Makefile ソース","宣言を開く","F3","Makefile エディター"
"ナビゲート","外部 JSDoc を開く","Shift+F2","JavaScript ビュー"
"編集","一致するタグ","Ctrl+Shift+>","構造化テキスト・エディターで編集"
"ナビゲート","型階層を開く","F4","JavaScript ビュー"
"ビュー","ズームイン","Ctrl+=","ウィンドウ"
"C/C++ ソース","Include の追加","Ctrl+Shift+N","C/C++ エディター"
"ビュー","JavaScript スクリプト・エクスプローラー","Alt+Shift+Q, P","JavaScript ビュー"
"実行/デバッグ","アドレスにジャンプ...","Ctrl+G","In Disassembly"
"Editor Commands","パッチの編成","Ctrl+Shift+O","Specfile Editor Context"
"ウィンドウ","クイック・アクセス","Ctrl+3","ウィンドウ"
"ターミナル・ビュー・コマンド","ターミナル・ビュー挿入","Alt+E","ターミナル・ウィジェット・コンテキスト"
"ソース","クイック・アシスト - フィールドへの代入","Ctrl+2, F","Java ソースの編集"
"編集","ブロック・コメントの除去","Ctrl+Shift+\","構造化テキスト・エディターで編集"
"ナビゲート","次ページ","Alt+F7","ウィンドウ"
"編集","コメントの切り替え","Ctrl+Shift+C","構造化テキスト・エディターで編集"
"実行/デバッグ","Run PHP Web Application","Alt+Shift+X, W","ウィンドウ"
"ナビゲート","すべて縮小表示","Ctrl+Shift+Numpad_Divide","ウィンドウ"
"AnyEdit ツール","タブをスペースに","Ctrl+Alt+Space","テキストの編集"
"ウィンドウ","エディターの切り替え","Ctrl+Shift+E","ウィンドウ"
"ビュー","ビューの表示 (エラー・ログ)","Alt+Shift+Q, L","ウィンドウ"
"SVN","リポジトリーから最新","Ctrl+Alt+L","ウィンドウ"
"検索","ワークスペース内の参照","Ctrl+Shift+G","JavaScript ビュー"
"PyDev - エディター","Python 定義へ移動","F3","Pydev エディター・スコープ"
"pepticcategory","フィールドを使用してコンストラクターを生成...","Alt+Shift+T, C","Pydev エディター・スコープ"
"ウィンドウ","設定","F10","ウィンドウ"
"ナビゲート","クイック階層","Ctrl+T","PHP ソースの編集中"
"リファクタリング - JavaScript","関数の抽出","Alt+Shift+M","JavaScript ビュー"
"実行/デバッグ","サーバーで実行","Alt+Shift+X, R","ウィンドウ"
"ナビゲート","リソースを開く","Ctrl+Shift+R","ウィンドウ"
"リファクタリング - DLTK","名前変更 - リファクタリング ","Alt+Shift+R","DLTK View"
"PyDev - エディター","Python コメント解除","Ctrl+\","Pydev エディター・スコープ"
"ナビゲート","対応する大括弧にジャンプ","Ctrl+Shift+P","Java ソースの編集"
"C/C++ ソース","「囲む」クイック・メニュー","Alt+Shift+Z","C/C++ エディター"
"ファイル","新規","Ctrl+N","ウィンドウ"
"データベース・ツール","デバッグ","Ctrl+Alt+D","SQL の編集"
"編集","コメントの切り替え","Ctrl+/","SQL の編集"
"実行/デバッグ","OSGi フレームワークのデバッグ","Alt+Shift+X, O","ウィンドウ"
"ナビゲート","前ページ","Ctrl+Shift+F5","Web ページ・エディターの使用"
"Editor Commands","コメントの切り替え","Ctrl+Shift+C","テキストの編集"
"リファクタリング - JavaScript","移動 - リファクタリング ","Alt+Shift+V","JavaScript ビュー"
"実行/デバッグ","OSGi フレームワークのデバッグ","Alt+Shift+D, O","ウィンドウ"
"Changelog","Prepare Changelog In Editor","Ctrl+Alt+P","テキストの編集"
"実行/デバッグ","レンダリングを閉じる","Ctrl+W","メモリー・ビュー内"
"データベース・ツール","一致するトークンにジャンプ","Ctrl+Shift+P","SQL の編集"
"pepticcategory","メソッドの抽出...","Alt+Shift+M","Pydev エディター・スコープ"
"ASA 9.x table schema editor","貼り付け","Alt+V","ウィンドウ"
"リファクタリング - C++","定数の抽出 - リファクタリング ","Alt+C","C/C++ エディター"
"ナビゲート","クイック・アウトライン","Ctrl+O","PHP ソースの編集中"
"テキスト編集","前の単語を削除","Ctrl+Backspace","テキストの編集"
"テキスト編集","現在行の下に行を挿入","Shift+Enter","テキストの編集"
"PyDev - 実行","Run editor with current interpreter","F9","Pydev エディター・スコープ"
"スクリプト・ソース","Javadoc コメントを追加します","Alt+Shift+J","スクリプト・ソースの編集中"
"ナビゲート","次のメンバーへジャンプ","Ctrl+Shift+Down","スクリプト・ソースの編集中"
"ナビゲート","構造を開く","Ctrl+F3","JavaScript ソースの編集中"
"サーバー","停止","Ctrl+Alt+S","サーバー・ビュー"
"PyDev - エディター","対話式コンソール","Ctrl+Alt+Enter","Pydev エディター・スコープ"
"ナビゲート","Matching Character","Ctrl+Shift+P","構造化テキスト・エディターで編集"
"ナビゲート","添付された Javadoc を開く","Shift+F2","ウィンドウ"
